{"cameraMode":{"drawMode":0,"name":"Shaded","section":"Shading Mode"},"sceneLighting":true,"audioPlay":false,"sceneViewState":{"m_AlwaysRefresh":false,"showFog":true,"showSkybox":true,"showFlares":true,"showImageEffects":true,"showParticleSystems":true,"showVisualEffectGraphs":true,"m_FxEnabled":true},"in2DMode":false,"pivot":{"x":446.1723327636719,"y":203.72821044921876,"z":5.843997955322266},"rotation":{"x":0.05246591940522194,"y":0.019471922889351846,"z":-0.0010232176864519716,"w":0.9984325766563416},"size":146.89785766601563,"orthographic":true}