{"cameraMode":{"drawMode":0,"name":"Shaded","section":"Shading Mode"},"sceneLighting":false,"audioPlay":false,"sceneViewState":{"m_AlwaysRefresh":false,"showFog":false,"showSkybox":false,"showFlares":false,"showImageEffects":false,"showParticleSystems":false,"showVisualEffectGraphs":true,"m_FxEnabled":true},"in2DMode":false,"pivot":{"x":-0.00000286102294921875,"y":0.9419419765472412,"z":-0.00031062960624694824},"rotation":{"x":0.12891238927841187,"y":0.03489447012543678,"z":-0.004100108984857798,"w":0.9912498593330383},"size":1.8914331197738648,"orthographic":false}