{"cameraMode":{"drawMode":0,"name":"Shaded","section":"Shading Mode"},"sceneLighting":false,"audioPlay":false,"sceneViewState":{"m_AlwaysRefresh":false,"showFog":false,"showSkybox":false,"showFlares":false,"showImageEffects":false,"showParticleSystems":false,"showVisualEffectGraphs":true,"m_FxEnabled":true},"in2DMode":false,"pivot":{"x":-0.0034002214670181276,"y":0.8877689838409424,"z":0.13094031810760499},"rotation":{"x":0.031760718673467639,"y":0.910991907119751,"z":-0.07150018960237503,"w":0.4051705598831177},"size":1.202760100364685,"orthographic":false}