{"cameraMode":{"drawMode":0,"name":"Shaded","section":"Shading Mode"},"sceneLighting":false,"audioPlay":false,"sceneViewState":{"m_AlwaysRefresh":false,"showFog":false,"showSkybox":false,"showFlares":false,"showImageEffects":false,"showParticleSystems":false,"showVisualEffectGraphs":true,"m_FxEnabled":true},"in2DMode":false,"pivot":{"x":-0.01893240213394165,"y":0.8836668729782105,"z":0.0540165901184082},"rotation":{"x":-0.004638378042727709,"y":0.9930025935173035,"z":-0.11100735515356064,"w":-0.04509393870830536},"size":2.0055599212646486,"orthographic":false}